ageGroup,incomeLevel,previousPurchases,promoInterest,madePurchase
young,high,none,yes,no
young,high,none,no,yes
young,high,many,yes,no
young,high,many,no,yes
young,low,none,yes,yes
young,low,none,no,no
young,low,many,yes,no
young,low,many,no,yes
old,high,none,yes,yes
old,high,none,no,yes
old,high,many,yes,no
old,high,many,no,yes
old,low,none,yes,no
old,low,none,no,yes
old,low,many,yes,no
old,low,many,no,no
young,high,none,yes,yes
young,high,none,no,yes
young,high,many,yes,no
young,high,many,no,yes
young,low,none,yes,no
young,low,none,no,yes
young,low,many,yes,yes
young,low,many,no,no
old,high,none,yes,yes
old,high,none,no,yes
old,high,many,yes,yes
old,high,many,no,yes
old,low,none,yes,yes
old,low,none,no,yes
old,low,many,yes,no
old,low,many,no,no
young,high,none,yes,no
young,high,none,no,no
young,high,many,yes,yes
young,high,many,no,no
young,low,none,yes,no
young,low,none,no,yes
young,low,many,yes,no
young,low,many,no,no
old,high,none,yes,yes
old,high,none,no,yes
old,high,many,yes,yes
old,high,many,no,no
old,low,none,yes,yes
old,low,none,no,no
old,low,many,yes,no
old,low,many,no,yes
young,high,none,yes,no
young,high,none,no,no
young,high,many,yes,no
young,high,many,no,yes
young,low,none,yes,yes
young,low,none,no,yes
young,low,many,yes,yes
young,low,many,no,no
old,high,none,yes,no
old,high,none,no,no
old,high,many,yes,no
old,high,many,no,yes
old,low,none,yes,no
old,low,none,no,yes
old,low,many,yes,no
old,low,many,no,no
young,high,none,yes,yes
young,high,none,no,yes
young,high,many,yes,yes
young,high,many,no,no
young,low,none,yes,no
young,low,none,no,yes
young,low,many,yes,yes
young,low,many,no,yes
old,high,none,yes,no
old,high,none,no,no
old,high,many,yes,no
old,high,many,no,yes
old,low,none,yes,no
old,low,none,no,yes
old,low,many,yes,no
old,low,many,no,no
young,high,none,yes,no
young,high,none,no,no
young,high,many,yes,yes
young,high,many,no,yes
young,low,none,yes,yes
young,low,none,no,yes
young,low,many,yes,no
young,low,many,no,no
old,high,none,yes,yes
old,high,none,no,yes
old,high,many,yes,yes
old,high,many,no,no
old,low,none,yes,yes
old,low,none,no,no
old,low,many,yes,no
old,low,many,no,no
young,high,none,yes,yes
young,high,none,no,no
young,high,many,yes,yes
young,high,many,no,no
young,low,none,yes,no
young,low,none,no,yes
young,low,many,yes,yes
young,low,many,no,no
old,high,none,yes,yes
old,high,none,no,no
old,high,many,yes,no
old,high,many,no,no
old,low,none,yes,no
old,low,none,no,yes
old,low,many,yes,yes
old,low,many,no,no
young,high,none,yes,yes
young,high,none,no,yes
young,high,many,yes,no
young,high,many,no,yes
young,low,none,yes,yes
young,low,none,no,yes
young,low,many,yes,yes
young,low,many,no,no
old,high,none,yes,no
old,high,none,no,yes
old,high,many,yes,no
old,high,many,no,no
old,low,none,yes,no
old,low,none,no,no
old,low,many,yes,yes
old,low,many,no,no
young,high,none,yes,no
young,high,none,no,yes
young,high,many,yes,no
young,high,many,no,no
young,low,none,yes,no
young,low,none,no,no
young,low,many,yes,yes
young,low,many,no,no
old,high,none,yes,yes
old,high,none,no,no
old,high,many,yes,no
old,high,many,no,no
old,low,none,yes,no
old,low,none,no,yes
old,low,many,yes,yes
old,low,many,no,yes
young,high,none,yes,yes
young,high,none,no,yes
young,high,many,yes,no
young,high,many,no,yes
young,low,none,yes,no
young,low,none,no,no
young,low,many,yes,yes
young,low,many,no,no
old,high,none,yes,no
old,high,none,no,no
old,high,many,yes,no
old,high,many,no,yes
old,low,none,yes,yes
old,low,none,no,yes
old,low,many,yes,no
old,low,many,no,no
young,high,none,yes,yes
young,high,none,no,yes
young,high,many,yes,yes
young,high,many,no,yes
young,low,none,yes,yes
young,low,none,no,yes
young,low,many,yes,no
young,low,many,no,yes
old,high,none,yes,no
old,high,none,no,no
old,high,many,yes,no
old,high,many,no,yes
old,low,none,yes,no
old,low,none,no,no
old,low,many,yes,yes
old,low,many,no,yes
young,high,none,yes,yes
young,high,none,no,yes
young,high,many,yes,yes
young,high,many,no,no
young,low,none,yes,no
young,low,none,no,no
young,low,many,yes,no
young,low,many,no,no
old,high,none,yes,no
old,high,none,no,yes
old,high,many,yes,yes
old,high,many,no,yes
old,low,none,yes,no
old,low,none,no,yes
old,low,many,yes,yes
old,low,many,no,yes
young,high,none,yes,no
young,high,none,no,no
young,high,many,yes,yes
young,high,many,no,yes
young,low,none,yes,yes
young,low,none,no,no
young,low,many,yes,no
young,low,many,no,yes
